Date,Year,Month,Month_Name,Day,Day_Of_Week
2026-01-01,2026,1,January,1,Thursday
2026-01-02,2026,1,January,2,Friday
2026-01-03,2026,1,January,3,Saturday
2026-01-04,2026,1,January,4,Sunday
2026-01-05,2026,1,January,5,Monday
2026-01-06,2026,1,January,6,Tuesday
2026-01-07,2026,1,January,7,Wednesday
2026-01-08,2026,1,January,8,Thursday
2026-01-09,2026,1,January,9,Friday
2026-01-10,2026,1,January,10,Saturday
2026-01-11,2026,1,January,11,Sunday
2026-01-12,2026,1,January,12,Monday
2026-01-13,2026,1,January,13,Tuesday
2026-01-14,2026,1,January,14,Wednesday
2026-01-15,2026,1,January,15,Thursday
2026-01-16,2026,1,January,16,Friday
2026-01-17,2026,1,January,17,Saturday
2026-01-18,2026,1,January,18,Sunday
2026-01-19,2026,1,January,19,Monday
2026-01-20,2026,1,January,20,Tuesday
2026-01-21,2026,1,January,21,Wednesday
2026-01-22,2026,1,January,22,Thursday
2026-01-23,2026,1,January,23,Friday
2026-01-24,2026,1,January,24,Saturday
2026-01-25,2026,1,January,25,Sunday
2026-01-26,2026,1,January,26,Monday
2026-01-27,2026,1,January,27,Tuesday
2026-01-28,2026,1,January,28,Wednesday
2026-01-29,2026,1,January,29,Thursday
2026-01-30,2026,1,January,30,Friday
2026-01-31,2026,1,January,31,Saturday
2026-02-01,2026,2,February,1,Sunday
2026-02-02,2026,2,February,2,Monday
2026-02-03,2026,2,February,3,Tuesday
2026-02-04,2026,2,February,4,Wednesday
2026-02-05,2026,2,February,5,Thursday
2026-02-06,2026,2,February,6,Friday
2026-02-07,2026,2,February,7,Saturday
2026-02-08,2026,2,February,8,Sunday
2026-02-09,2026,2,February,9,Monday
2026-02-10,2026,2,February,10,Tuesday
2026-02-11,2026,2,February,11,Wednesday
2026-02-12,2026,2,February,12,Thursday
2026-02-13,2026,2,February,13,Friday
2026-02-14,2026,2,February,14,Saturday
2026-02-15,2026,2,February,15,Sunday
2026-02-16,2026,2,February,16,Monday
2026-02-17,2026,2,February,17,Tuesday
2026-02-18,2026,2,February,18,Wednesday
2026-02-19,2026,2,February,19,Thursday
2026-02-20,2026,2,February,20,Friday
2026-02-21,2026,2,February,21,Saturday
2026-02-22,2026,2,February,22,Sunday
2026-02-23,2026,2,February,23,Monday
2026-02-24,2026,2,February,24,Tuesday
2026-02-25,2026,2,February,25,Wednesday
2026-02-26,2026,2,February,26,Thursday
2026-02-27,2026,2,February,27,Friday
2026-02-28,2026,2,February,28,Saturday
